,title,subtitle,link
0,AMA-ZIN,Inside Arsenal's pre-match team huddle as Zinchenko turns motivator versus Man Utd,https://www.thesun.co.uk/sport/21136297/arsenal-team-huddle-man-utd-zinchenko/
1,LAMP-ED,Frank Lampard in huge dressing room bust-up with Everton stars as Doucoure axed,https://www.thesun.co.uk/sport/21136624/frank-lampard-bust-up-everton-players-doucoure/
2,SLAMTONY,Ferdinand slams £85.5m Man Utd star Antony after dismal showing in Arsenal defeat,https://www.thesun.co.uk/sport/21133957/rio-ferdinand-antony-man-utd-star-antony-arsenal/
3,,,https://www.thesun.co.uk/sport/betting-tips/18920005/premier-league-next-manager-sacked-odds-frank-lampard/
4,,,https://www.thesun.co.uk/betting/20754895/casino-bonus/
5,'RATTLED ME',Man Utd fans rage at De Gea as he makes bizarre decision before Nketiah winner,https://www.thesun.co.uk/sport/21137084/man-utd-fans-david-de-gea/
6,WE'RE GUNNER WIN,Ramsdale lauded by KSI as he predicts Arsenal win over United before game,https://www.thesun.co.uk/sport/21133595/aaron-ramsdale-ksi-predicting-arsenal-man-utd/
7,,,https://www.thesun.co.uk/sport/21132995/arsenal-gary-nevilles-reaction-eddie-nketiahs-man-utd/
8,ANGRY ERIK,Ten Hag tells Man Utd 'you'll never win trophies like that!' after Arsenal loss,https://www.thesun.co.uk/sport/21131031/man-utd-ten-hag-arsenal-3-2-blasts-mentality/
9,,,https://www.thesun.co.uk/sport/21133122/arsenal-premier-league-title-zinchenko/
10,,,https://www.thesun.co.uk/sport/21129642/roy-keane-man-utd-four-players/
11,,,https://www.thesun.co.uk/sport/21128943/watch-ramsdale-saka-goal-reaction-man-utd/
12,,,https://www.thesun.co.uk/sport/21135446/cesc-fabregas-arsenal-training-ground/
13,CRIS IT BETTER,Ronaldo turns up for Al-Nassr debut with bruise under eye after Navas punch,https://www.thesun.co.uk/sport/21128844/cristiano-ronaldo-al-nassr-debut-bruise-eye-navas/
14,RON-BELIEVABLE,Watch Al Nassr fans set off flares and perform ‘Siu’ chant for Ronaldo debut,https://www.thesun.co.uk/sport/21129617/watch-al-nassr-cristiano-ronaldo-debut-flares-chant/
15,,,https://www.thesun.co.uk/sport/21136153/cristiano-ronaldo-al-nassr-debut-overhead-kick/
16,ARSENAL 3 MAN UTD 2,Old rivals serve up modern classic as Gunners snatch points at death,https://www.thesun.co.uk/sport/21128890/arsenal-man-utd-nketiah-saka-rashford/
17,,,https://www.thesun.co.uk/sport/21132096/arsenal-fans-rice-like-saka-post-transfer/
18,,,https://www.thesun.co.uk/sport/21134731/gary-neville-petition-banned-commentating-arsenal-sky-sports/
19,,,https://www.thesun.co.uk/sport/21128201/arsenal-transfer-jakub-kiwior-twerking-partner-man-utd/
20,,,https://www.thesun.co.uk/betting/20812234/free-bets/
21,WANTS A HOLL-IDAY,Alan Shearer's stunning daughter Hollie shows off tan in floral bikini,https://www.thesun.co.uk/sport/21131778/alan-shearer-daughter-hollie-bikini/
22,,,https://www.thesun.co.uk/sport/21136668/declan-rice-41-shirt-number-west-ham-arsenal-transfer/
23,,,https://www.thesun.co.uk/sport/21135396/man-utd-old-trafford-ripping-seats-850/
24,,,https://www.thesun.co.uk/sport/21128652/roy-keane-aaron-wan-bissaka-nketiah-arsenal-man-utd/
25,,,https://www.thesun.co.uk/sport/21131868/sky-sports-gary-neville-arsenal-man-utd/
26,WANDA-FUL,Wanda Nara poses in barely-there two-piece bikinis as she sends Instagram wild,https://www.thesun.co.uk/sport/21136730/wanda-nara-stunning-bikini-instagram/
27,,,https://www.thesun.co.uk/sport/21132722/chelsea-todd-boehly-pre-season-usa-tottenham/
28,,,https://www.thesun.co.uk/sport/21136890/fa-extended-ban-crawley-town-john-yems-fury-racist/
29,,,https://www.thesun.co.uk/sport/21129139/arsenal-man-utd-romeo-beckham-david/
30,,,https://www.thesun.co.uk/sport/20695257/william-hill-free-bets-sign-up-bonus-offer-register/
31,A PLACE IN THE SUN,Neymar's sister Rafaella looks amazing in bikini as she relaxes in sun,https://www.thesun.co.uk/sport/21132622/neymar-sister-rafaella-bikini-pool/
32,,,https://www.thesun.co.uk/sport/21126378/crystal-palace-man-utd-glazers/
33,,,https://www.thesun.co.uk/sport/21131807/sergio-ramos-horse-saudi-arabia-olympics/
34,,,https://www.thesun.co.uk/sport/21125531/man-utd-treble-winner-unrecognisable-christmas/
35,,,https://www.thesun.co.uk/sport/betting-tips/19781466/sky-bet-30-free-bets/
36,"ICE, ICE, DAVEY",Beckham enjoys Sunday ice bath after freezing with Victoria to watch Romeo,https://www.thesun.co.uk/sport/21127776/david-beckham-sunday-ice-bath-freezing/
37,,,https://www.thesun.co.uk/sport/21131985/harry-kane-tottenham-new-contract-conte/
38,,,https://www.thesun.co.uk/sport/21130668/frank-lampard-sack-everton-job-moshiri-kenwright/
39,,,https://www.thesun.co.uk/sport/21127618/leeds-0-brentford-0-premier-league-match-report/
40,,,https://www.thesun.co.uk/sport/21127621/man-city-haaland-wolves-arsenal/
41,KICK OUT,Ex-Premier League star throws his 'cheating c*** ex's' stuff across garden,https://www.thesun.co.uk/sport/21122785/ex-premier-league-star-throws-cheating-ex-stuff-out/
42,DINER BATTLE,Ronaldo and Will.i.am dragged into legal battle involving Italian restaurant,https://www.thesun.co.uk/sport/21123669/cristiano-ronaldo-cheshire-italian-restaurant/
43,,,https://www.thesun.co.uk/sport/21123149/man-utd-transfer-news-de-gea-pay-cut/
44,,,https://www.thesun.co.uk/sport/21131751/fulham-crazy-gang-palhinha-mitrovic/
45,,,https://www.thesun.co.uk/sport/21134044/zlatan-ibrahimovic-retire-ac-milan-knee-injury/
46,,,https://www.thesun.co.uk/sport/21132318/man-utd-psg-vitor-roque-brazilian-wonderkid/
47,DOG DAYS ARE DEFOVER,Defoe dumped partner called Donna and their dog to date wife Donna,https://www.thesun.co.uk/sport/21121617/jermain-defoe-left-donna-dog-date-another/
48,DE DAY,Atletico Madrid sign ex-Man Utd star Depay in cut-price transfer from Barcelona,https://www.thesun.co.uk/sport/21089359/memphis-depay-atletico-madrid-transfer-barcelona/
49,,,https://www.thesun.co.uk/sport/21120139/newcastle-transfer-talks-matheus-franca-flamengo-brazil/
50,,,https://www.thesun.co.uk/sport/21127177/man-utd-transfer-bayern-munich-disasi/
51,,,https://www.thesun.co.uk/sport/21119323/liverpool-jude-bellingham-transfer-dortmund-steven-gerrard/
52,,,https://www.thesun.co.uk/sport/21135962/chelsea-enzo-fernandez-transfer-benfica/
53,TWIN STRIKES,Bowen scores two for West Ham hours after Dani Dyer announces she's pregnant,https://www.thesun.co.uk/sport/21120330/jarrod-bowen-scores-west-ham-dani-dyer-twins/
54,,,https://www.thesun.co.uk/sport/21132668/arsenal-dortmund-ivan-fresneda-transfer-real-valladolid/
55,,,https://www.thesun.co.uk/sport/21123355/everton-transfer-news-ndiaye/
56,,,https://www.thesun.co.uk/sport/21136704/jan-bednarek-southampton-return-loan-aston-villa-transfer/
57,,,https://www.thesun.co.uk/sport/21121558/man-utd-transfer-charlie-savage/
58,MAN UTD LIVE,"£53m Brazilian wonderkid Vitor Roque on radar, Arsenal defeat reaction",https://www.thesun.co.uk/sport/20874338/man-utd-transfer-news-live-vitor-roque-arsenal-jude-bellingham/
59,GUNNERS LIVE,"Gunners offer to pay £52m Zubimendi release clause, Kiwior watches Man Utd win",https://www.thesun.co.uk/sport/20803775/arsenal-transfer-news-live-zubimendi-man-utd-win-kiwior-latest/
60,,,https://www.thesun.co.uk/sport/21121839/man-utd-alejandro-garnacho-contract/
61,"CAPTAIN, LEADER, FAN",Chelsea icon Terry sneaks into Anfield to watch Blues vs Liverpool,https://www.thesun.co.uk/sport/21125595/chelsea-terry-liverpool/
62,,,https://www.thesun.co.uk/sport/21130141/luke-shaw-man-utd-deserved-lose-arsenal/
63,,,https://www.thesun.co.uk/sport/21126505/arsenal-man-utd-rice-transfer-arteta/
64,,,https://www.thesun.co.uk/sport/21130210/roy-keane-arsenal-mikel-arteta-man-utd/
65,,,https://www.thesun.co.uk/sport/21135821/piers-morgan-ten-hag-ronaldo-weghorst-arsenal/
66,PROMOTION,"Best football betting sites in the UK: Top online bookies for January, 2023",https://www.thesun.co.uk/betting/20574123/best-football-betting-sites/
67,BIG OFFER,Betfair free bets: Stake £10 on football to get £30 bonus - 18+ T&Cs apply,https://www.thesun.co.uk/sport/betting-tips/19802970/betfair-free-bets-sign-up-bonus-football/
68,,,https://www.thesun.co.uk/betting/20803800/the-best-online-casinos-in-the-uk/
69,CHEWED OUT,Watch the hilarious moment Carlo Ancelotti gives a fan by dugout chewing gum,https://www.thesun.co.uk/sport/21134751/carlo-ancelotti-fan-gum-video/
70,,,https://www.thesun.co.uk/sport/21127986/man-utd-liverpool-transfer-bellingham-goal-dortmund-world-cup/
71,,,https://www.thesun.co.uk/sport/21130447/juventus-szczesny-blunder-lookman-goal-3-3-atalanta/
72,,,https://www.thesun.co.uk/sport/21124917/hulk-miss-open-goal-atletico-mineiro/
73,,,https://www.thesun.co.uk/sport/21132176/gerard-pique-creepy-witch-doll-shakira-house/
74,TROY DEENEY,"Black footballers are angry at John Yems, I can't deal with someone so ignorant",https://www.thesun.co.uk/sport/21114804/black-footballer-fury-yems-deeney-column/
75,KARREN BRADY,Premier League is UK's best asset but it must remain elite to retain success,https://www.thesun.co.uk/sport/21115590/premier-league-success-uk-desired-asset-elite-competition-brady/
76,,,https://www.thesun.co.uk/sport/21130484/mark-irwin-arsenal-man-utd-arteta-ten-hag/
77,AND THE WINNER IS..,Georgina stuns on red carpet in split dress at Saudi Arabia awards bash,https://www.thesun.co.uk/sport/21125959/georgina-rodriguez-cristiano-ronaldo-al-nassr/
78,,,https://www.thesun.co.uk/sport/21106896/newcastle-loris-karius-wag-diletta-leotta-sports-bra/
79,,,https://www.thesun.co.uk/sport/21088926/pep-guardiola-daughter-maria-work-out-gym/
